{
    "w_pos": 4.0,
    "w_vel": 0.8,
    "w_ctrl": 0.01,
    "w_align": 0.4,
    "max_omega": 1.5707963267948966,
    "max_thrust_dev": 3.266666666666667,
    "max_steps": 600
}